user_id,campaign_id,visit_timestamp
U171,C4,2023-08-25 08:10:49
U339,C4,2023-09-05 00:34:37
U175,C3,2023-06-28 16:47:49
U97,C4,2023-10-20 16:20:45
U191,C3,2023-09-10 00:05:51
U265,C5,2023-11-02 00:34:15
U280,C2,2023-09-29 22:34:24
U349,C1,2023-11-04 16:19:51
U6,C4,2023-05-18 05:29:41
U389,C2,2023-06-11 09:11:05
U224,C2,2023-07-06 23:40:06
U88,C4,2023-06-07 20:42:15
U81,C3,2023-10-22 19:23:49
U52,C4,2023-08-03 15:40:29
U158,C3,2023-08-28 07:06:38
U324,C1,2023-08-25 03:55:49
U184,C5,2023-08-02 20:16:58
U318,C4,2023-12-15 01:24:25
U297,C5,2023-06-22 05:08:26
U56,C3,2023-11-12 07:01:13
U275,C3,2023-08-12 18:27:09
U233,C1,2023-07-12 10:54:28
U377,C3,2023-07-14 14:32:56
U389,C3,2023-12-17 06:36:32
U227,C5,2023-09-27 20:16:51
U93,C2,2023-09-16 06:55:29
U381,C3,2023-10-08 20:42:48
U32,C1,2023-07-30 02:47:12
U158,C4,2023-05-20 19:20:23
U84,C4,2023-07-13 06:03:39
U211,C1,2023-10-01 14:35:12
U128,C5,2023-10-22 03:08:02
U345,C3,2023-10-18 02:49:59
U389,C2,2023-08-15 00:19:04
U59,C5,2023-05-29 19:07:51
U265,C2,2023-06-22 21:45:32
U85,C5,2023-05-29 18:19:32
U85,C4,2023-06-05 00:06:35
U14,C4,2023-10-17 09:25:29
U77,C3,2023-08-02 15:42:05
U119,C3,2023-05-18 21:02:47
U230,C1,2023-06-26 01:04:06
U262,C2,2023-11-22 16:22:26
U73,C1,2023-11-12 18:58:27
U211,C5,2023-09-05 07:01:50
U259,C5,2023-08-30 16:26:20
U276,C1,2023-09-03 10:17:09
U211,C1,2023-11-04 17:04:33
U8,C5,2023-09-15 02:00:34
U355,C1,2023-06-12 04:20:54
U367,C5,2023-08-09 09:58:14
U357,C1,2023-12-30 16:09:36
U100,C2,2023-11-24 01:07:06
U331,C3,2023-05-12 10:01:31
U356,C5,2023-05-28 09:18:01
U21,C5,2023-08-28 21:26:44
U208,C1,2023-12-15 14:01:00
U29,C1,2023-11-13 08:03:03
U299,C3,2023-06-30 11:04:40
U89,C5,2023-10-01 02:03:52
U286,C2,2023-05-25 04:55:03
U67,C3,2023-11-22 08:48:47
U383,C1,2023-05-18 19:55:47
U101,C5,2023-08-05 10:45:50
U319,C1,2023-10-01 05:09:50
U331,C2,2023-12-02 00:06:38
U205,C4,2023-06-22 01:00:18
U231,C5,2023-10-24 02:50:43
U11,C3,2023-05-07 22:21:44
U167,C3,2023-09-15 01:32:56
U315,C2,2023-11-08 08:18:52
U342,C5,2023-12-06 00:19:36
U83,C1,2023-12-16 15:16:17
U63,C1,2023-12-08 16:36:05
U39,C5,2023-10-30 06:30:26
U357,C5,2023-05-30 10:30:28
U268,C4,2023-07-05 05:55:58
U367,C5,2023-10-01 09:03:01
U306,C4,2023-11-10 04:03:49
U47,C4,2023-05-05 19:00:57
U223,C5,2023-11-12 14:24:00
U137,C1,2023-12-07 21:00:37
U363,C3,2023-08-23 22:17:18
U10,C2,2023-09-08 16:06:40
U247,C1,2023-09-10 05:48:22
U198,C3,2023-11-30 19:08:51
U345,C3,2023-12-27 09:11:59
U360,C3,2023-05-18 05:41:25
U153,C2,2023-08-15 12:58:09
U365,C1,2023-08-03 18:17:12
U272,C2,2023-08-21 22:13:37
U248,C1,2023-08-07 07:46:19
U5,C5,2023-09-30 18:07:51
U294,C3,2023-07-10 04:00:27
U118,C4,2023-05-22 01:19:27
U87,C2,2023-11-10 18:48:02
U227,C2,2023-09-23 19:52:42
U142,C4,2023-11-22 04:11:56
U212,C1,2023-07-09 04:47:22
U26,C3,2023-11-01 08:13:39
U31,C5,2023-10-19 09:20:01
U49,C4,2023-07-31 19:53:49
U343,C3,2023-06-22 19:07:53
U217,C2,2023-05-29 05:30:38
U238,C3,2023-12-16 17:37:41
U118,C5,2023-08-06 17:20:14
U255,C2,2023-10-26 09:53:00
U1,C2,2023-11-24 10:29:39
U264,C5,2023-12-04 18:21:31
U351,C1,2023-11-13 04:50:32
U66,C4,2023-09-12 05:05:01
U159,C3,2023-06-30 07:39:10
U226,C2,2023-06-18 02:17:43
U96,C4,2023-05-20 16:26:33
U181,C4,2023-08-10 19:56:46
U305,C5,2023-05-05 19:48:25
U183,C1,2023-11-16 09:06:51
U243,C2,2023-07-19 04:58:24
U209,C4,2023-05-10 13:43:40
U9,C1,2023-05-28 22:05:25
U279,C5,2023-06-10 04:22:49
U111,C4,2023-06-05 21:41:48
U352,C4,2023-08-09 17:19:09
U128,C4,2023-07-23 07:13:14
U3,C2,2023-07-19 15:47:33
U138,C5,2023-09-15 21:44:49
U189,C5,2023-10-11 12:16:44
U157,C4,2023-12-30 13:21:41
U85,C5,2023-07-13 18:40:17
U130,C4,2023-06-08 12:08:30
U311,C1,2023-12-05 14:58:52
U201,C5,2023-09-11 15:09:21
U391,C2,2023-08-26 05:10:43
U87,C1,2023-06-21 07:43:17
U92,C3,2023-09-01 21:52:09
U223,C5,2023-07-06 15:31:49
U160,C3,2023-10-19 16:33:49
U158,C4,2023-07-20 18:48:29
U131,C5,2023-07-16 13:08:20
U365,C1,2023-07-25 05:06:06
U25,C5,2023-07-21 08:15:06
U19,C2,2023-09-28 09:57:13
U162,C2,2023-12-30 00:36:19
U276,C4,2023-06-18 09:59:06
U83,C5,2023-05-29 15:52:30
U131,C4,2023-11-11 10:22:57
U227,C5,2023-08-02 22:58:50
U168,C3,2023-12-20 00:22:16
U285,C4,2023-07-23 03:36:24
U359,C3,2023-05-20 22:13:58
U371,C4,2023-05-22 02:37:07
U61,C5,2023-11-28 00:10:50
U229,C2,2023-09-30 12:24:31
U276,C1,2023-12-23 19:44:49
U15,C4,2023-09-06 20:26:51
U146,C4,2023-05-16 12:42:13
U397,C2,2023-12-30 05:07:57
U185,C4,2023-10-04 19:34:52
U161,C4,2023-07-01 06:59:15
U13,C2,2023-11-27 00:07:07
U38,C5,2023-05-24 17:27:00
U306,C5,2023-07-17 03:51:16
U348,C3,2023-08-13 14:55:38
U142,C1,2023-07-25 01:59:55
U169,C5,2023-12-06 12:14:39
U385,C1,2023-12-29 17:54:34
U222,C1,2023-09-28 03:18:04
U278,C1,2023-12-30 05:08:37
U80,C1,2023-11-26 17:31:35
U191,C5,2023-07-03 12:56:11
U151,C2,2023-10-24 09:32:57
U259,C2,2023-06-16 08:31:56
U141,C3,2023-11-19 16:21:51
U333,C2,2023-11-04 17:31:55
U228,C2,2023-10-09 04:14:46
U368,C4,2023-11-25 11:08:36
U115,C1,2023-09-12 14:19:27
U360,C3,2023-11-12 13:42:40
U131,C4,2023-12-21 09:10:44
U365,C1,2023-12-24 10:39:24
U26,C5,2023-07-28 15:55:32
U393,C4,2023-08-20 04:21:28
U76,C1,2023-07-09 17:35:36
U318,C3,2023-11-22 08:12:23
U363,C5,2023-07-04 10:19:01
U134,C4,2023-11-14 07:49:21
U360,C2,2023-05-10 06:26:34
U183,C2,2023-06-22 12:39:39
U135,C4,2023-09-10 12:23:13
U267,C5,2023-11-30 04:46:28
U289,C5,2023-11-29 02:26:51
U258,C2,2023-05-09 04:25:03
U179,C4,2023-09-24 05:52:39
U235,C1,2023-05-02 09:20:36
U310,C1,2023-10-25 17:15:23
U87,C4,2023-11-04 01:03:49
U21,C3,2023-10-01 19:18:25
U92,C5,2023-06-03 09:20:23
U230,C4,2023-05-30 05:26:01
U167,C5,2023-12-05 16:31:11
U270,C5,2023-10-08 17:19:30
U325,C3,2023-11-22 08:49:32
U149,C3,2023-09-15 17:23:09
U328,C5,2023-06-03 16:30:47
U343,C3,2023-10-14 09:27:54
U279,C3,2023-08-09 21:19:55
U124,C2,2023-12-02 01:41:19
U200,C2,2023-09-27 23:37:57
U169,C4,2023-10-11 15:03:21
U289,C4,2023-11-16 01:09:54
U78,C3,2023-09-04 21:27:07
U254,C3,2023-11-06 07:21:44
U222,C4,2023-10-28 04:46:01
U363,C3,2023-11-18 03:27:41
U41,C5,2023-09-12 06:56:30
U198,C1,2023-08-15 03:18:29
U130,C1,2023-09-16 17:38:26
U105,C1,2023-10-16 05:52:52
U261,C5,2023-08-28 04:05:41
U90,C2,2023-08-10 20:41:54
U191,C4,2023-07-10 10:49:10
U358,C2,2023-12-03 21:18:04
U226,C1,2023-08-31 04:42:22
U162,C1,2023-12-26 13:53:41
U82,C2,2023-06-10 01:45:29
U153,C4,2023-06-08 07:20:02
U154,C4,2023-07-19 02:52:52
U143,C4,2023-12-11 03:18:42
U249,C1,2023-07-17 22:38:34
U88,C5,2023-12-20 16:09:12
U138,C4,2023-10-30 09:48:00
U324,C2,2023-11-05 16:21:18
U122,C4,2023-07-25 20:50:44
U309,C2,2023-06-12 05:44:26
U220,C4,2023-09-08 19:38:21
U363,C1,2023-12-05 14:12:16
U184,C1,2023-06-17 06:45:35
U324,C1,2023-07-04 22:28:17
U269,C5,2023-09-06 04:18:31
U9,C3,2023-09-27 05:21:05
U337,C4,2023-09-05 14:46:28
U225,C1,2023-07-16 13:09:41
U307,C5,2023-10-11 22:07:41
U316,C3,2023-10-15 11:44:01
U379,C4,2023-09-19 13:33:14
U279,C2,2023-08-08 01:18:52
U224,C2,2023-05-16 12:42:49
U371,C5,2023-12-04 11:07:26
U203,C5,2023-06-19 23:19:01
U108,C5,2023-07-28 18:45:06
U123,C5,2023-10-11 10:43:42
U218,C2,2023-07-10 18:48:09
U159,C3,2023-05-11 13:38:09
U13,C3,2023-06-21 05:09:21
U388,C5,2023-09-15 12:53:13
U108,C3,2023-10-10 10:08:55
U272,C4,2023-11-25 22:37:41
U206,C2,2023-12-13 09:30:45
U384,C1,2023-05-31 12:15:14
U400,C2,2023-06-14 17:05:30
U245,C4,2023-11-17 02:12:36
U139,C2,2023-12-10 07:41:01
U11,C3,2023-08-09 07:39:14
U22,C5,2023-06-06 04:29:51
U77,C3,2023-08-26 10:23:25
U399,C5,2023-12-07 18:40:23
U129,C2,2023-12-10 23:33:26
U118,C2,2023-09-11 00:02:16
U221,C1,2023-12-24 07:38:39
U82,C5,2023-09-19 23:58:29
U281,C5,2023-06-19 20:37:22
U85,C3,2023-05-20 04:12:06
U339,C1,2023-06-05 22:47:21
U90,C3,2023-12-07 08:22:09
U99,C3,2023-07-29 13:18:40
U372,C5,2023-11-15 09:48:48
U260,C1,2023-11-05 16:56:16
U271,C2,2023-11-13 07:22:09
U173,C3,2023-06-22 11:26:35
U113,C3,2023-07-20 07:15:58
U16,C3,2023-08-02 00:54:21
U36,C4,2023-05-06 05:00:27
U389,C3,2023-06-01 20:45:36
U306,C3,2023-07-21 09:19:13
U285,C5,2023-12-28 02:30:25
U97,C5,2023-11-08 09:18:42
U382,C4,2023-09-04 11:28:53
U374,C2,2023-08-08 21:25:34
U357,C1,2023-12-24 21:39:15
U257,C1,2023-11-10 10:18:33
U304,C5,2023-09-21 02:57:49
U166,C1,2023-08-07 05:34:58
U118,C3,2023-10-24 14:25:34
U51,C4,2023-10-08 02:09:10
U70,C4,2023-07-15 14:44:22
U320,C2,2023-07-11 14:55:57
U227,C5,2023-11-14 15:31:36
U87,C4,2023-07-12 23:48:42
U98,C1,2023-12-05 18:53:45
U49,C3,2023-08-23 19:29:26
U249,C4,2023-08-19 16:52:22
U188,C3,2023-06-27 08:42:35
U282,C3,2023-05-08 14:06:14
U72,C3,2023-06-21 13:57:10
U192,C3,2023-09-09 16:58:42
U72,C1,2023-06-10 18:14:27
U123,C5,2023-06-18 21:59:33
U121,C3,2023-07-18 10:42:31
U188,C5,2023-11-24 12:37:10
U13,C5,2023-12-17 21:29:09
U133,C2,2023-10-27 13:26:40
U289,C1,2023-10-09 13:04:27
U261,C3,2023-11-22 07:34:14
U59,C5,2023-05-26 12:04:41
U373,C3,2023-05-10 21:44:19
U28,C4,2023-10-09 21:07:24
U140,C5,2023-10-16 18:27:21
U327,C4,2023-11-13 10:42:56
U165,C5,2023-06-07 21:33:35
U292,C5,2023-12-19 06:52:34
U324,C4,2023-05-16 18:33:05
U89,C2,2023-08-31 02:50:01
U60,C1,2023-07-29 06:25:28
U346,C3,2023-11-29 12:57:24
U125,C5,2023-06-02 17:47:34
U138,C3,2023-10-22 21:33:25
U232,C4,2023-10-08 07:21:13
U337,C2,2023-10-08 09:35:46
U3,C3,2023-08-12 14:41:49
U40,C3,2023-07-29 04:42:21
U332,C5,2023-06-19 02:09:44
U242,C3,2023-06-30 21:47:31
U83,C2,2023-05-10 04:19:29
U166,C5,2023-05-29 13:19:54
U113,C1,2023-09-21 13:55:00
U301,C4,2023-07-16 08:42:50
U7,C1,2023-06-06 11:44:57
U106,C2,2023-07-24 11:29:33
U391,C4,2023-08-17 19:28:13
U231,C2,2023-08-06 12:13:52
U32,C4,2023-10-09 13:27:28
U156,C3,2023-08-04 05:07:03
U247,C2,2023-05-20 18:51:09
U103,C4,2023-08-26 11:38:27
U38,C2,2023-08-19 08:45:16
U365,C4,2023-10-21 08:24:35
U135,C1,2023-08-28 14:26:08
U169,C2,2023-08-02 20:40:45
U212,C3,2023-12-27 13:36:03
U46,C5,2023-11-22 18:34:48
U30,C3,2023-05-04 21:08:56
U229,C5,2023-10-03 16:28:13
U75,C5,2023-07-06 05:35:34
U300,C5,2023-12-29 13:35:38
U357,C5,2023-06-16 02:01:39
U125,C1,2023-09-07 18:05:00
U269,C1,2023-05-14 14:54:10
U266,C3,2023-07-30 21:33:37
U276,C5,2023-11-15 18:53:43
U143,C5,2023-09-16 00:29:31
U262,C1,2023-08-03 23:09:34
U397,C3,2023-11-25 15:11:34
U70,C5,2023-11-02 02:11:12
U297,C4,2023-11-23 10:39:07
U251,C4,2023-05-17 16:04:00
U18,C5,2023-11-08 05:34:21
U320,C2,2023-08-01 11:07:10
U353,C4,2023-06-16 06:45:24
U374,C2,2023-11-28 00:56:42
U211,C1,2023-08-06 18:24:59
U82,C2,2023-08-08 13:57:03
U164,C4,2023-08-05 17:58:29
U75,C4,2023-07-10 09:52:26
U380,C3,2023-07-20 11:57:49
U93,C4,2023-11-06 03:20:53
U164,C1,2023-12-13 17:28:21
U394,C5,2023-11-23 23:01:37
U228,C5,2023-07-18 06:23:23
U138,C5,2023-09-04 05:39:19
U31,C3,2023-07-21 22:32:17
U194,C1,2023-11-23 10:21:47
U210,C4,2023-08-07 01:46:02
U287,C2,2023-06-09 18:23:23
U280,C4,2023-10-05 07:07:43
U112,C3,2023-12-29 13:09:32
U202,C2,2023-11-29 21:11:49
U165,C3,2023-09-24 00:42:24
U73,C4,2023-05-27 20:46:09
U386,C1,2023-08-12 12:11:03
U374,C2,2023-12-06 03:26:03
U397,C1,2023-07-25 20:53:14
U151,C4,2023-06-09 03:10:44
U35,C3,2023-10-13 00:42:44
U359,C2,2023-07-15 18:59:18
U128,C2,2023-06-26 12:42:39
U68,C5,2023-05-13 22:35:57
U93,C3,2023-07-25 05:13:32
U227,C4,2023-05-29 05:18:53
U46,C3,2023-06-09 22:25:42
U356,C4,2023-10-23 06:41:09
U330,C4,2023-12-29 07:42:07
U252,C1,2023-08-11 07:06:28
U279,C2,2023-06-14 11:44:19
U99,C4,2023-06-28 00:06:54
U353,C4,2023-08-11 15:02:59
U92,C2,2023-10-17 10:30:24
U87,C5,2023-09-01 23:18:58
U251,C4,2023-08-25 00:57:31
U388,C2,2023-07-06 03:19:17
U101,C5,2023-08-21 02:17:28
U40,C4,2023-11-02 01:19:36
U340,C1,2023-12-16 05:31:48
U306,C2,2023-08-26 20:16:39
U34,C1,2023-08-03 13:01:10
U363,C4,2023-06-04 03:31:02
U137,C2,2023-08-15 05:36:52
U176,C5,2023-07-01 13:18:04
U356,C5,2023-11-18 08:45:05
U250,C2,2023-11-18 09:33:06
U290,C3,2023-05-23 13:56:30
U3,C4,2023-05-11 07:34:17
U134,C1,2023-12-16 19:22:29
U151,C5,2023-11-04 17:32:25
U154,C1,2023-12-16 00:46:11
U180,C4,2023-11-23 05:26:16
U291,C2,2023-12-04 06:50:42
U347,C1,2023-10-11 23:48:21
U169,C4,2023-11-22 16:36:29
U284,C3,2023-09-18 06:48:22
U114,C5,2023-05-15 20:17:56
U166,C3,2023-11-15 20:05:50
U292,C5,2023-10-14 17:40:19
U92,C5,2023-08-25 05:09:16
U368,C3,2023-05-23 13:58:26
U361,C3,2023-09-22 14:05:54
U175,C1,2023-05-29 13:23:20
U204,C4,2023-05-01 19:47:25
U181,C5,2023-07-23 02:50:10
U280,C2,2023-10-07 00:23:09
U124,C1,2023-06-22 09:11:54
U16,C5,2023-08-01 10:43:40
U179,C4,2023-09-16 10:28:53
U294,C5,2023-05-25 23:48:22
U244,C4,2023-05-11 11:06:39
U152,C4,2023-12-18 23:21:25
U177,C1,2023-05-12 19:31:45
U30,C2,2023-10-19 19:41:26
U350,C4,2023-09-12 17:07:56
U373,C1,2023-10-26 22:33:05
U204,C4,2023-09-30 12:46:08
U322,C1,2023-10-11 08:30:51
U149,C4,2023-07-21 01:43:43
U255,C3,2023-07-18 06:23:36
U345,C2,2023-07-25 12:56:29
U78,C1,2023-10-16 06:10:21
U105,C5,2023-09-06 01:50:40
U99,C3,2023-06-06 22:36:54
U7,C2,2023-11-22 10:16:14
U127,C4,2023-06-09 20:00:26
U117,C1,2023-07-24 20:07:41
U60,C4,2023-09-23 19:20:11
U197,C3,2023-11-30 17:00:01
U168,C3,2023-10-07 10:45:02
U40,C2,2023-05-23 05:08:10
U356,C4,2023-05-21 07:03:47
U173,C1,2023-05-10 23:17:26
U205,C1,2023-09-06 00:24:10
U71,C3,2023-06-02 08:45:50
U138,C4,2023-05-17 14:55:13
U173,C4,2023-12-17 23:56:24
U183,C4,2023-08-05 08:54:06
U171,C4,2023-06-14 14:22:33
U183,C4,2023-06-26 06:05:56
U98,C5,2023-08-29 11:30:49
U14,C1,2023-06-07 03:44:13
U185,C1,2023-12-26 00:09:52
U117,C1,2023-06-24 17:21:22
U89,C4,2023-07-31 20:40:12
U90,C5,2023-06-07 14:50:34
U82,C5,2023-05-01 05:12:35
U261,C5,2023-06-09 06:03:01
U227,C3,2023-11-29 19:52:02
U371,C3,2023-07-17 09:50:43
U288,C1,2023-09-28 11:01:23
U231,C4,2023-05-14 04:49:08
U175,C5,2023-10-12 17:43:59
U339,C1,2023-11-13 22:07:10
U270,C2,2023-12-29 21:31:22
U104,C5,2023-08-31 18:18:35
U223,C4,2023-10-10 21:53:16
U197,C4,2023-11-08 19:41:21
U181,C2,2023-11-24 02:40:55
U137,C3,2023-05-17 18:58:34
U295,C4,2023-10-09 16:29:10
U108,C4,2023-10-31 15:55:43
U389,C5,2023-09-17 05:49:18
U319,C5,2023-08-14 14:04:15
U189,C3,2023-07-06 21:29:08
U172,C5,2023-09-04 03:26:29
U386,C1,2023-11-15 06:54:47
U356,C2,2023-06-03 13:25:53
U109,C3,2023-07-01 17:05:56
U338,C4,2023-05-30 01:48:00
U36,C5,2023-07-06 15:51:56
U62,C1,2023-11-28 05:34:33
U293,C4,2023-06-27 01:45:04
U169,C5,2023-07-27 02:06:49
U332,C5,2023-06-16 04:28:12
U68,C1,2023-10-13 07:23:52
U134,C1,2023-08-25 22:28:00
U149,C5,2023-08-31 17:50:05
U214,C5,2023-10-09 13:48:42
U6,C1,2023-11-02 13:06:56
U241,C2,2023-05-19 04:30:17
U190,C5,2023-11-28 21:49:38
U68,C4,2023-12-10 01:49:46
U191,C1,2023-05-10 21:51:26
U240,C3,2023-05-02 18:43:58
U312,C1,2023-10-16 00:42:42
U348,C2,2023-08-16 07:28:18
U357,C1,2023-09-23 20:27:13
U121,C3,2023-06-09 02:51:36
U399,C1,2023-10-07 13:36:00
U113,C5,2023-05-08 05:36:38
U84,C4,2023-11-21 14:28:24
U123,C2,2023-07-11 03:54:14
U315,C2,2023-09-04 16:57:57
U190,C4,2023-11-16 17:16:09
U63,C3,2023-06-20 23:28:14
U351,C5,2023-07-13 16:49:57
U272,C4,2023-12-07 01:09:32
U307,C5,2023-05-29 13:25:11
U18,C2,2023-11-16 14:55:42
U3,C3,2023-07-27 05:26:17
U369,C3,2023-08-05 03:13:21
U31,C1,2023-06-30 15:08:38
U134,C5,2023-05-31 18:09:09
U138,C1,2023-10-21 15:17:48
U326,C4,2023-11-03 20:34:04
U215,C1,2023-08-15 10:59:34
U345,C1,2023-10-22 19:10:18
U126,C3,2023-08-29 18:28:14
U50,C2,2023-05-15 16:08:43
U285,C2,2023-10-26 00:05:59
U168,C3,2023-08-01 23:52:09
U186,C5,2023-05-04 22:32:17
U250,C2,2023-08-22 23:30:52
U193,C3,2023-09-29 18:01:46
U71,C4,2023-05-01 11:52:17
U248,C2,2023-11-02 11:18:46
U348,C5,2023-05-21 05:38:16
U85,C3,2023-06-20 12:55:58
U337,C3,2023-11-07 05:53:28
U107,C3,2023-11-13 22:06:39
U15,C2,2023-11-08 01:37:01
U363,C1,2023-08-13 13:12:22
U81,C2,2023-12-03 13:25:48
U29,C2,2023-05-20 19:34:42
U228,C3,2023-06-19 06:28:01
U249,C5,2023-10-17 04:37:49
U291,C4,2023-06-02 18:20:11
U95,C1,2023-10-20 01:49:19
U132,C2,2023-08-30 20:46:39
U95,C3,2023-11-07 14:18:15
U116,C4,2023-08-23 13:04:43
U150,C5,2023-07-17 15:19:17
U36,C1,2023-09-22 00:43:27
U205,C4,2023-10-19 16:04:16
U38,C2,2023-08-18 23:13:49
U347,C1,2023-09-21 10:08:03
U343,C2,2023-08-31 10:39:14
U78,C5,2023-05-29 23:15:35
U161,C5,2023-10-31 13:41:06
U288,C1,2023-12-09 12:01:38
U112,C4,2023-12-30 00:15:12
U49,C2,2023-12-17 22:34:31
U206,C3,2023-12-12 00:39:45
U206,C1,2023-05-20 22:56:48
U244,C1,2023-05-14 00:13:31
U364,C5,2023-11-06 22:50:06
U189,C4,2023-10-17 10:30:38
U12,C3,2023-09-02 19:07:36
U117,C4,2023-09-30 06:26:54
U157,C2,2023-06-06 07:48:18
U316,C2,2023-10-19 21:08:36
U314,C1,2023-12-16 03:21:56
U274,C1,2023-06-12 07:39:12
U257,C1,2023-08-01 07:50:08
U322,C4,2023-06-05 15:46:53
U249,C5,2023-10-05 23:24:29
U130,C2,2023-05-05 06:57:19
U87,C5,2023-08-30 22:29:17
U281,C5,2023-07-12 14:06:47
U111,C3,2023-07-19 03:42:00
U237,C4,2023-08-26 00:57:17
U365,C1,2023-08-24 03:14:56
U336,C3,2023-11-09 01:53:19
U196,C1,2023-11-28 19:37:25
U399,C4,2023-10-07 01:49:59
U104,C4,2023-08-31 05:11:41
U84,C2,2023-07-16 01:21:52
U374,C4,2023-12-09 00:21:28
U222,C1,2023-11-30 08:36:10
U247,C1,2023-09-10 22:59:23
U290,C4,2023-09-12 01:49:04
U25,C1,2023-08-02 17:08:41
U159,C5,2023-09-24 07:14:33
U292,C5,2023-09-08 08:44:16
U278,C3,2023-08-04 02:33:16
U274,C2,2023-06-21 11:30:30
U119,C3,2023-10-10 06:58:04
U161,C4,2023-12-17 11:07:50
U221,C4,2023-08-09 23:43:49
U303,C4,2023-08-22 16:59:32
U392,C1,2023-11-16 00:41:01
U159,C5,2023-09-08 20:01:05
U330,C4,2023-10-12 14:19:44
U272,C4,2023-05-22 01:11:13
U390,C5,2023-09-30 14:19:53
U189,C1,2023-12-28 01:29:13
U164,C3,2023-07-07 22:48:59
U382,C3,2023-05-28 22:14:18
U39,C1,2023-08-20 06:04:02
U164,C1,2023-10-24 15:01:35
U218,C1,2023-09-02 23:01:46
U153,C5,2023-11-14 10:53:04
U397,C2,2023-10-29 10:24:42
U320,C3,2023-09-17 04:51:47
U74,C1,2023-07-01 05:46:24
U144,C2,2023-06-04 10:19:00
U335,C4,2023-06-02 01:49:38
U99,C5,2023-09-08 23:39:11
U18,C4,2023-08-31 17:38:37
U236,C2,2023-09-12 04:17:46
U84,C5,2023-06-08 07:29:20
U307,C1,2023-05-21 14:06:09
U341,C1,2023-05-22 08:31:22
U203,C3,2023-10-06 18:23:35
U41,C5,2023-09-27 20:06:02
U95,C4,2023-08-14 19:23:55
U173,C4,2023-08-03 23:56:44
U233,C5,2023-08-27 18:52:19
U82,C3,2023-08-20 17:54:29
U135,C3,2023-09-05 10:30:35
U264,C3,2023-07-22 23:29:14
U393,C5,2023-05-30 18:08:44
U336,C1,2023-08-08 17:16:16
U232,C2,2023-06-17 15:37:58
U124,C1,2023-07-28 02:31:16
U174,C3,2023-10-10 10:44:28
U126,C5,2023-07-26 01:48:19
U363,C5,2023-07-08 01:15:14
U248,C1,2023-10-20 22:13:34
U28,C4,2023-07-03 19:40:14
U298,C4,2023-12-20 09:42:30
U239,C2,2023-06-15 00:36:57
U164,C4,2023-09-21 22:06:22
U31,C2,2023-07-12 01:08:41
U48,C4,2023-07-24 17:20:21
U262,C2,2023-08-16 06:40:50
U131,C1,2023-05-19 23:19:44
U342,C3,2023-12-09 07:27:01
U17,C4,2023-07-10 05:06:01
U160,C1,2023-05-23 20:02:45
U195,C5,2023-08-25 20:36:28
U388,C2,2023-09-19 11:15:58
U157,C1,2023-07-16 13:32:37
U287,C5,2023-09-21 14:33:57
U265,C5,2023-06-26 07:48:13
U80,C1,2023-12-24 19:14:01
U285,C3,2023-08-11 19:42:06
U348,C2,2023-07-27 11:14:07
U31,C2,2023-09-16 00:49:41
U289,C2,2023-05-05 06:04:57
U51,C2,2023-11-03 05:40:29
U179,C5,2023-10-14 20:11:32
U328,C2,2023-11-25 17:43:38
U79,C1,2023-05-20 17:52:14
U43,C4,2023-11-09 13:13:50
U269,C1,2023-11-07 22:31:59
U382,C4,2023-11-20 15:26:58
U327,C3,2023-07-09 17:06:15
U368,C1,2023-06-03 20:29:04
U305,C2,2023-08-27 19:52:14
U219,C1,2023-08-25 10:43:50
U293,C1,2023-08-22 05:21:33
U2,C3,2023-08-02 00:41:47
U313,C4,2023-05-14 12:38:56
U110,C3,2023-06-23 11:26:56
U340,C2,2023-12-23 12:56:31
U54,C2,2023-10-29 20:40:58
U268,C4,2023-07-02 03:45:59
U29,C5,2023-06-19 15:43:17
U238,C5,2023-09-19 16:06:04
U88,C3,2023-05-27 17:35:07
U288,C1,2023-12-11 14:11:29
U19,C2,2023-11-08 19:08:02
U158,C2,2023-09-30 22:27:59
U185,C2,2023-07-08 03:26:46
U349,C2,2023-11-26 23:14:44
U245,C2,2023-05-25 02:08:18
U255,C5,2023-05-16 05:32:49
U353,C5,2023-09-01 12:29:08
U47,C3,2023-07-12 18:04:48
U62,C4,2023-05-14 07:38:27
U51,C3,2023-05-28 14:36:35
U146,C2,2023-11-07 18:45:04
U95,C2,2023-09-26 17:18:04
U352,C4,2023-11-24 03:41:30
U236,C5,2023-10-24 12:56:39
U299,C1,2023-05-23 14:47:25
U233,C4,2023-12-16 10:49:42
U299,C4,2023-07-15 06:52:16
U218,C1,2023-07-08 15:08:51
U314,C1,2023-07-21 07:00:25
U207,C2,2023-05-18 10:55:32
U365,C2,2023-09-25 20:26:25
U66,C1,2023-05-21 20:11:19
U63,C2,2023-07-28 08:22:48
U157,C2,2023-06-26 14:39:09
U278,C2,2023-11-22 04:51:05
U65,C3,2023-11-29 11:23:04
U141,C5,2023-09-22 20:25:20
U334,C2,2023-10-07 11:34:06
U315,C2,2023-08-28 16:43:14
U248,C4,2023-05-02 20:40:17
U220,C3,2023-11-06 15:41:28
U55,C5,2023-07-16 22:37:53
U131,C4,2023-05-30 14:03:51
U145,C1,2023-09-18 17:28:02
U47,C2,2023-07-24 09:30:34
U67,C4,2023-11-10 22:20:51
U144,C2,2023-12-29 20:06:21
U370,C5,2023-07-17 00:51:48
U99,C4,2023-09-18 09:27:07
U56,C5,2023-06-09 11:17:05
U392,C2,2023-06-14 09:11:03
U294,C1,2023-06-29 10:49:26
U67,C5,2023-10-17 05:34:39
U149,C3,2023-06-06 20:29:33
U128,C1,2023-07-12 15:47:48
U114,C2,2023-08-16 01:07:14
U201,C4,2023-09-25 15:17:13
U268,C1,2023-08-03 06:02:35
U139,C5,2023-05-07 09:16:05
U302,C1,2023-11-06 16:18:45
U176,C3,2023-11-29 21:05:54
U113,C2,2023-06-12 08:35:06
U143,C3,2023-09-21 03:48:08
U268,C1,2023-08-31 21:37:09
U330,C1,2023-09-24 13:24:25
U183,C1,2023-10-09 04:07:56
U318,C1,2023-11-29 14:18:34
U380,C5,2023-10-08 09:04:58
U399,C4,2023-07-15 22:47:05
U122,C2,2023-05-13 23:17:06
U157,C4,2023-06-03 08:52:44
U367,C3,2023-05-11 07:59:19
U333,C1,2023-05-28 22:50:02
U281,C3,2023-06-02 20:47:07
U144,C1,2023-10-03 09:13:15
U207,C1,2023-10-25 16:50:34
U228,C4,2023-06-29 00:29:35
U348,C1,2023-08-25 23:37:40
U323,C3,2023-06-12 20:57:22
U135,C3,2023-06-26 10:33:37
U188,C5,2023-09-03 06:22:13
U101,C3,2023-05-21 23:17:00
U324,C1,2023-07-13 01:28:39
U59,C3,2023-05-03 05:19:32
U242,C3,2023-06-04 10:23:10
U215,C1,2023-05-20 12:19:44
U175,C5,2023-08-29 10:23:44
U203,C3,2023-07-03 05:19:48
U210,C1,2023-10-25 02:42:29
U62,C4,2023-05-20 00:58:30
U187,C2,2023-05-07 14:48:12
U229,C4,2023-11-27 04:31:16
U206,C3,2023-06-10 12:45:18
U282,C5,2023-08-29 08:13:06
U381,C4,2023-07-21 16:20:27
U54,C3,2023-12-14 09:10:30
U73,C4,2023-09-27 11:10:38
U230,C4,2023-12-19 20:43:45
U232,C4,2023-11-18 19:30:53
U136,C2,2023-10-12 16:09:07
U70,C3,2023-09-10 08:11:42
U4,C3,2023-12-03 17:27:32
U392,C3,2023-11-30 05:02:54
U291,C3,2023-05-28 15:02:06
U56,C3,2023-08-16 04:06:07
U307,C3,2023-10-17 16:00:46
U104,C2,2023-08-01 22:27:35
U365,C1,2023-05-13 04:33:41
U241,C5,2023-11-29 16:37:23
U48,C1,2023-12-16 15:06:18
U373,C5,2023-07-11 20:13:53
U102,C4,2023-08-17 19:26:13
U160,C1,2023-06-28 03:30:44
U242,C2,2023-09-30 22:32:33
U257,C1,2023-08-07 22:31:48
U279,C2,2023-06-24 17:24:48
U160,C3,2023-07-31 01:26:01
U264,C5,2023-11-09 15:28:27
U377,C3,2023-12-17 07:01:14
U197,C2,2023-11-11 22:12:18
U166,C2,2023-09-18 16:52:48
U167,C1,2023-05-06 01:30:32
U148,C2,2023-06-10 15:11:03
U376,C3,2023-11-12 23:13:43
U24,C3,2023-09-11 06:08:01
U113,C4,2023-06-09 23:48:48
U254,C2,2023-12-12 03:40:34
U285,C4,2023-09-11 16:43:53
U42,C1,2023-11-15 17:15:45
U261,C1,2023-12-05 15:34:58
U51,C5,2023-07-15 21:08:38
U340,C1,2023-06-14 08:37:26
U49,C5,2023-07-24 13:16:43
U267,C5,2023-09-11 16:56:42
U30,C2,2023-08-04 07:12:12
U271,C5,2023-10-25 23:35:25
U294,C2,2023-07-02 03:34:34
U333,C5,2023-08-14 19:15:37
U86,C2,2023-05-16 11:31:48
U383,C5,2023-06-20 02:21:34
U190,C5,2023-09-06 06:23:47
U340,C5,2023-09-06 13:08:07
U210,C1,2023-08-19 22:58:24
U361,C5,2023-09-03 15:27:50
U121,C4,2023-08-19 17:39:21
U117,C5,2023-09-20 03:00:46
U87,C2,2023-09-11 04:43:05
U233,C4,2023-11-30 22:41:22
U179,C4,2023-11-08 18:07:26
U142,C4,2023-12-19 09:49:27
U325,C3,2023-12-29 20:39:45
U130,C4,2023-09-17 21:23:41
U47,C3,2023-10-01 18:46:49
U32,C2,2023-11-27 01:42:24
U179,C5,2023-06-29 22:12:56
U11,C2,2023-10-05 05:27:38
U304,C5,2023-07-28 00:34:18
U262,C2,2023-08-07 15:02:56
U156,C5,2023-07-16 10:18:36
U198,C1,2023-09-23 17:39:53
U5,C4,2023-06-26 17:54:24
U156,C3,2023-06-30 19:03:39
U71,C2,2023-11-03 08:02:47
U170,C1,2023-08-09 12:05:53
U132,C5,2023-08-18 22:14:04
U16,C4,2023-06-14 09:38:02
U99,C1,2023-09-25 05:39:51
U190,C4,2023-11-25 13:17:45
U257,C5,2023-12-24 21:04:43
U107,C5,2023-12-10 06:17:40
U322,C3,2023-09-08 12:18:55
U272,C5,2023-08-09 13:14:06
U35,C2,2023-09-20 07:27:30
U330,C2,2023-12-15 01:32:28
U399,C2,2023-06-10 01:20:51
U62,C2,2023-05-30 21:14:31
U138,C2,2023-09-05 08:24:10
U211,C3,2023-11-25 04:39:51
U343,C4,2023-08-19 08:48:27
U106,C1,2023-06-28 01:28:50
U281,C4,2023-11-28 22:19:53
U346,C2,2023-05-26 23:04:39
U161,C3,2023-09-10 10:08:53
U222,C3,2023-10-28 06:24:04
U32,C1,2023-08-08 17:07:31
U99,C3,2023-05-01 08:27:31
U301,C1,2023-09-04 10:22:34
U197,C5,2023-11-21 22:36:36
U18,C1,2023-08-28 07:49:11
U78,C4,2023-07-15 23:49:05
U58,C1,2023-10-16 19:30:55
U341,C2,2023-06-14 11:06:30
U193,C2,2023-09-18 01:02:06
U76,C1,2023-08-15 19:44:09
U91,C4,2023-10-21 09:17:34
U25,C3,2023-12-16 11:07:43
U303,C4,2023-10-18 09:16:57
U67,C1,2023-06-06 10:02:21
U396,C3,2023-06-21 05:59:13
U248,C5,2023-11-05 04:07:31
U296,C4,2023-05-07 00:31:57
U135,C2,2023-06-09 02:52:04
U57,C1,2023-11-06 15:51:57
U82,C2,2023-12-11 08:27:28
U16,C5,2023-05-21 06:38:42
U277,C3,2023-05-18 12:47:26
U298,C5,2023-07-02 12:06:24
U44,C1,2023-07-10 19:11:03
U190,C1,2023-12-24 00:52:30
U199,C4,2023-12-25 02:55:20
U346,C2,2023-06-21 04:49:35
U6,C1,2023-07-21 21:05:59
U201,C5,2023-12-29 04:40:58
U103,C1,2023-09-01 12:52:18
U334,C4,2023-05-16 16:07:07
U398,C2,2023-12-07 13:27:41
U332,C5,2023-09-12 05:14:31
U328,C2,2023-06-06 10:05:08
U203,C2,2023-07-28 10:04:31
U144,C4,2023-06-25 02:42:21
U309,C1,2023-08-15 14:41:46
U300,C3,2023-07-05 01:29:48
U166,C5,2023-07-16 05:03:08
U183,C1,2023-09-15 02:07:28
U44,C1,2023-09-10 01:04:29
U2,C3,2023-09-10 00:28:58
U117,C3,2023-06-20 10:36:13
U187,C1,2023-09-10 21:48:16
U201,C1,2023-11-24 18:10:11
U369,C5,2023-12-17 16:13:08
U48,C2,2023-10-31 18:27:46
U162,C5,2023-07-02 14:03:01
U138,C4,2023-06-13 01:33:35
U154,C5,2023-08-11 23:46:09
U66,C1,2023-10-06 22:34:17
U227,C5,2023-12-06 16:51:31
U235,C3,2023-05-16 14:32:48
U76,C3,2023-10-26 06:30:15
U129,C4,2023-11-27 00:47:37
U351,C1,2023-12-30 06:48:54
U323,C3,2023-12-08 21:11:26
U294,C3,2023-08-23 00:18:44
U47,C3,2023-12-01 02:03:53
U345,C1,2023-05-26 02:26:03
U84,C3,2023-11-23 08:42:54
U89,C2,2023-12-24 05:58:22
U210,C3,2023-11-08 15:13:45
U345,C2,2023-07-05 01:04:03
U332,C2,2023-09-24 22:40:48
U276,C4,2023-09-04 09:04:07
U26,C2,2023-09-16 17:00:55
U365,C1,2023-08-12 06:27:35
U13,C4,2023-10-15 02:01:05
U60,C3,2023-07-13 14:10:56
U353,C3,2023-12-04 01:20:57
U100,C5,2023-09-01 19:45:09
U246,C3,2023-05-13 21:21:56
U202,C5,2023-07-25 00:28:27
U392,C4,2023-09-02 05:18:17
U223,C5,2023-07-28 01:47:08
U308,C5,2023-08-14 23:49:15
U7,C5,2023-07-03 09:06:52
U321,C1,2023-09-30 00:13:38
U67,C1,2023-08-26 08:49:52
U14,C4,2023-05-23 23:56:09
U379,C5,2023-06-27 04:47:53
U188,C2,2023-11-05 02:54:56
U342,C5,2023-11-21 01:37:58
U79,C3,2023-07-20 21:23:48
U138,C5,2023-08-28 11:24:54
U253,C1,2023-12-23 20:25:37
U78,C5,2023-11-16 14:06:03
U179,C3,2023-06-28 04:27:55
U141,C5,2023-11-03 22:07:37
U54,C1,2023-08-28 10:40:09
U218,C3,2023-11-18 04:31:37
U285,C3,2023-06-20 07:05:19
U341,C2,2023-06-21 05:54:08
U375,C3,2023-11-01 23:30:42
U300,C5,2023-12-23 22:24:03
U360,C3,2023-08-17 06:06:38
U336,C1,2023-07-30 15:47:36
U222,C1,2023-07-24 21:47:13
U352,C1,2023-09-22 03:17:36
U22,C1,2023-05-05 08:24:22
U50,C4,2023-05-21 15:49:13
U108,C5,2023-05-01 19:55:09
U115,C3,2023-06-27 18:06:05
U273,C2,2023-12-15 05:56:55
U339,C5,2023-10-30 05:02:42
U200,C1,2023-07-30 21:14:54
U61,C2,2023-08-05 15:23:34
U201,C5,2023-12-01 07:00:53
U188,C3,2023-08-13 12:33:34
U363,C5,2023-09-25 11:43:44
U278,C2,2023-06-17 18:03:22
U225,C5,2023-10-20 14:48:24
U68,C2,2023-10-18 07:01:12
U19,C1,2023-05-29 09:13:33
U306,C4,2023-12-18 23:07:44
U49,C4,2023-07-28 09:06:00
U207,C2,2023-10-05 09:27:34
U218,C3,2023-09-03 03:50:01
U109,C4,2023-05-14 23:51:01
U333,C3,2023-08-06 04:47:53
U137,C4,2023-12-21 13:28:42
U326,C5,2023-07-08 16:34:17
U74,C4,2023-08-23 21:36:40
U263,C3,2023-06-26 13:17:53
U294,C5,2023-10-04 23:51:09
U172,C4,2023-05-13 03:52:01
U361,C1,2023-08-21 07:06:22
U270,C3,2023-07-08 16:19:52
U77,C2,2023-08-04 19:51:32
